subject_id,question_number,section,score_en,score_fr
3,1,A,1,1
3,2,A,1,1
3,3,A,1,1
3,4,A,1,1
3,5,A,1,1
3,6,A,1,1
3,7,A,0,0
3,8,A,1,1
3,9,A,1,1
3,10,A,1,1
3,11,A,1,1
3,12,A,0,0
3,13,C,1,1
3,14,C,1,1
3,15,C,1,1
3,16,C,0,0
3,17,C,1,1
3,18,C,0,1
3,19,C,0,1
3,20,C,0,1
3,21,C,1,1
3,22,C,1,1
3,23,C,1,1
3,24,C,1,1
3,25,C,0,1
3,26,C,1,1
3,27,C,1,1
3,28,C,0,0
3,29,C,1,1
3,30,D,0,0
3,31,D,0,0
3,32,D,0,0
3,33,D,0,0
3,34,D,1,1
3,35,D,1,0
3,36,D,1,1
3,37,D,0,0
3,38,D,1,1
3,39,D,0,0
3,40,D,0,0
3,41,D,0,0
3,42,D,0,0
3,43,E,1,1
3,44,E,1,1
3,45,E,1,1
3,46,E,0,0
3,47,E,1,1
3,48,E,1,1
3,49,E,0,0
3,50,E,0,0
3,51,E,0,1
3,52,E,0,0
3,53,E,0,0
3,54,E,1,1
3,55,E,1,1
3,56,E,1,1
3,57,E,0,1
6,1,A,1,1
6,2,A,1,1
6,3,A,1,1
6,4,A,1,1
6,5,A,1,1
6,6,A,1,1
6,7,A,1,1
6,8,A,1,1
6,9,A,1,0
6,10,A,1,1
6,11,A,1,1
6,12,A,1,0
6,13,C,1,1
6,14,C,1,1
6,15,C,1,1
6,16,C,1,1
6,17,C,1,1
6,18,C,1,1
6,19,C,1,1
6,20,C,1,1
6,21,C,1,1
6,22,C,1,1
6,23,C,1,0
6,24,C,1,1
6,25,C,1,1
6,26,C,1,1
6,27,C,1,1
6,28,C,1,0
6,29,C,1,1
6,30,D,1,1
6,31,D,1,1
6,32,D,1,1
6,33,D,1,1
6,34,D,0,1
6,35,D,1,0
6,36,D,1,1
6,37,D,1,1
6,38,D,1,1
6,39,D,1,1
6,40,D,1,1
6,41,D,1,0
6,42,D,0,0
6,43,E,1,1
6,44,E,0,1
6,45,E,1,0
6,46,E,0,0
6,47,E,1,1
6,48,E,1,1
6,49,E,1,1
6,50,E,1,1
6,51,E,1,1
6,52,E,0,0
6,53,E,1,1
6,54,E,1,0
6,55,E,1,1
6,56,E,1,0
6,57,E,1,1
7,1,A,1,1
7,2,A,1,1
7,3,A,1,1
7,4,A,1,1
7,5,A,1,1
7,6,A,1,1
7,7,A,1,0
7,8,A,0,0
7,9,A,1,1
7,10,A,0,0
7,11,A,1,1
7,12,A,0,0
7,13,C,1,1
7,14,C,1,1
7,15,C,1,1
7,16,C,0,0
7,17,C,0,0
7,18,C,1,1
7,19,C,1,1
7,20,C,0,0
7,21,C,1,1
7,22,C,0,0
7,23,C,0,0
7,24,C,1,1
7,25,C,1,1
7,26,C,1,1
7,27,C,1,1
7,28,C,0,0
7,29,C,0,0
7,30,D,1,1
7,31,D,0,0
7,32,D,0,0
7,33,D,0,0
7,34,D,1,1
7,35,D,0,1
7,36,D,1,1
7,37,D,1,1
7,38,D,1,1
7,39,D,0,0
7,40,D,0,0
7,41,D,1,1
7,42,D,0,0
7,43,E,1,1
7,44,E,1,1
7,45,E,1,1
7,46,E,0,0
7,47,E,1,1
7,48,E,1,1
7,49,E,1,1
7,50,E,0,0
7,51,E,0,0
7,52,E,1,1
7,53,E,0,0
7,54,E,0,0
7,55,E,1,1
7,56,E,0,0
7,57,E,1,1
8,1,A,1,1
8,2,A,1,1
8,3,A,1,1
8,4,A,1,1
8,5,A,1,1
8,6,A,1,1
8,7,A,1,1
8,8,A,0,0
8,9,A,1,1
8,10,A,0,0
8,11,A,1,1
8,12,A,1,0
8,13,C,1,1
8,14,C,1,1
8,15,C,0,0
8,16,C,0,0
8,17,C,0,0
8,18,C,1,1
8,19,C,0,0
8,20,C,0,0
8,21,C,0,0
8,22,C,0,0
8,23,C,0,0
8,24,C,1,1
8,25,C,0,0
8,26,C,1,1
8,27,C,1,1
8,28,C,0,0
8,29,C,0,0
8,30,D,0,0
8,31,D,0,0
8,32,D,0,0
8,33,D,0,0
8,34,D,0,0
8,35,D,0,0
8,36,D,1,0
8,37,D,0,0
8,38,D,1,1
8,39,D,0,0
8,40,D,0,0
8,41,D,0,0
8,42,D,0,0
8,43,E,0,1
8,44,E,1,0
8,45,E,0,1
8,46,E,0,0
8,47,E,1,1
8,48,E,1,1
8,49,E,1,1
8,50,E,0,0
8,51,E,1,1
8,52,E,1,1
8,53,E,0,0
8,54,E,0,0
8,55,E,1,0
8,56,E,0,0
8,57,E,1,1
10,1,A,1,1
10,2,A,1,1
10,3,A,1,1
10,4,A,1,1
10,5,A,1,1
10,6,A,1,1
10,7,A,0,0
10,8,A,0,0
10,9,A,1,1
10,10,A,0,0
10,11,A,0,0
10,12,A,0,0
10,13,C,1,1
10,14,C,1,1
10,15,C,0,0
10,16,C,1,1
10,17,C,1,1
10,18,C,0,0
10,19,C,1,1
10,20,C,0,0
10,21,C,0,0
10,22,C,0,0
10,23,C,0,0
10,24,C,1,1
10,25,C,0,0
10,26,C,1,1
10,27,C,1,1
10,28,C,0,0
10,29,C,0,0
10,30,D,0,0
10,31,D,0,0
10,32,D,1,1
10,33,D,1,1
10,34,D,0,0
10,35,D,0,0
10,36,D,1,1
10,37,D,0,0
10,38,D,0,0
10,39,D,0,0
10,40,D,0,0
10,41,D,0,0
10,42,D,0,0
10,43,E,1,1
10,44,E,1,0
10,45,E,0,1
10,46,E,0,0
10,47,E,1,1
10,48,E,1,1
10,49,E,0,0
10,50,E,0,0
10,51,E,1,1
10,52,E,0,0
10,53,E,0,0
10,54,E,0,0
10,55,E,1,1
10,56,E,1,1
10,57,E,0,0
12,1,A,1,1
12,2,A,1,1
12,3,A,1,1
12,4,A,1,1
12,5,A,1,1
12,6,A,1,1
12,7,A,0,0
12,8,A,0,0
12,9,A,1,1
12,10,A,0,0
12,11,A,1,1
12,12,A,0,0
12,13,C,1,1
12,14,C,1,1
12,15,C,0,0
12,16,C,0,0
12,17,C,0,0
12,18,C,1,1
12,19,C,0,0
12,20,C,0,0
12,21,C,1,0
12,22,C,0,0
12,23,C,0,0
12,24,C,1,1
12,25,C,0,0
12,26,C,1,1
12,27,C,1,1
12,28,C,0,0
12,29,C,0,0
12,30,D,0,0
12,31,D,0,0
12,32,D,0,0
12,33,D,0,0
12,34,D,0,0
12,35,D,0,0
12,36,D,0,0
12,37,D,0,0
12,38,D,0,0
12,39,D,0,0
12,40,D,0,0
12,41,D,0,0
12,42,D,0,0
12,43,E,0,0
12,44,E,1,0
12,45,E,0,1
12,46,E,0,0
12,47,E,1,0
12,48,E,1,1
12,49,E,0,0
12,50,E,0,0
12,51,E,0,0
12,52,E,0,0
12,53,E,0,0
12,54,E,0,0
12,55,E,0,0
12,56,E,1,1
12,57,E,1,0
13,1,A,1,1
13,2,A,1,1
13,3,A,1,1
13,4,A,1,1
13,5,A,1,1
13,6,A,1,1
13,7,A,0,0
13,8,A,1,1
13,9,A,1,1
13,10,A,1,1
13,11,A,1,1
13,12,A,1,1
13,13,C,1,1
13,14,C,1,1
13,15,C,1,1
13,16,C,1,1
13,17,C,1,1
13,18,C,1,1
13,19,C,1,1
13,20,C,1,1
13,21,C,1,0
13,22,C,1,1
13,23,C,1,1
13,24,C,1,1
13,25,C,1,1
13,26,C,1,1
13,27,C,1,1
13,28,C,1,1
13,29,C,1,1
13,30,D,0,0
13,31,D,0,0
13,32,D,0,0
13,33,D,0,0
13,34,D,0,0
13,35,D,0,0
13,36,D,0,0
13,37,D,0,0
13,38,D,1,1
13,39,D,0,0
13,40,D,0,0
13,41,D,0,0
13,42,D,0,0
13,43,E,1,1
13,44,E,1,1
13,45,E,1,1
13,46,E,1,1
13,47,E,1,1
13,48,E,1,1
13,49,E,1,1
13,50,E,1,0
13,51,E,1,1
13,52,E,1,1
13,53,E,0,0
13,54,E,1,1
13,55,E,1,1
13,56,E,1,1
13,57,E,1,1
14,1,A,1,1
14,2,A,1,1
14,3,A,1,1
14,4,A,1,1
14,5,A,1,1
14,6,A,1,1
14,7,A,1,1
14,8,A,0,0
14,9,A,1,1
14,10,A,0,0
14,11,A,1,1
14,12,A,0,0
14,13,C,1,1
14,14,C,1,1
14,15,C,0,0
14,16,C,1,1
14,17,C,1,1
14,18,C,1,1
14,19,C,1,1
14,20,C,1,1
14,21,C,0,0
14,22,C,0,0
14,23,C,0,0
14,24,C,1,1
14,25,C,0,1
14,26,C,1,1
14,27,C,0,0
14,28,C,0,0
14,29,C,0,0
14,30,D,0,0
14,31,D,0,0
14,32,D,0,0
14,33,D,0,0
14,34,D,0,0
14,35,D,0,0
14,36,D,1,1
14,37,D,1,1
14,38,D,1,1
14,39,D,1,0
14,40,D,0,0
14,41,D,0,0
14,42,D,0,0
14,43,E,1,1
14,44,E,1,1
14,45,E,1,1
14,46,E,0,0
14,47,E,1,1
14,48,E,1,1
14,49,E,1,1
14,50,E,1,1
14,51,E,1,1
14,52,E,1,1
14,53,E,0,1
14,54,E,1,1
14,55,E,1,1
14,56,E,0,0
14,57,E,1,1
15,1,A,1,1
15,2,A,1,1
15,3,A,1,0
15,4,A,1,1
15,5,A,1,1
15,6,A,1,0
15,7,A,0,0
15,8,A,0,0
15,9,A,1,1
15,10,A,0,0
15,11,A,1,0
15,12,A,0,0
15,13,C,1,1
15,14,C,1,1
15,15,C,0,0
15,16,C,1,1
15,17,C,1,1
15,18,C,1,1
15,19,C,0,0
15,20,C,0,0
15,21,C,1,0
15,22,C,0,0
15,23,C,0,1
15,24,C,1,1
15,25,C,1,0
15,26,C,1,1
15,27,C,1,1
15,28,C,0,0
15,29,C,0,0
15,30,D,0,0
15,31,D,1,0
15,32,D,0,0
15,33,D,0,0
15,34,D,0,0
15,35,D,0,0
15,36,D,1,1
15,37,D,0,0
15,38,D,1,1
15,39,D,0,0
15,40,D,0,0
15,41,D,1,1
15,42,D,0,0
15,43,E,1,0
15,44,E,0,0
15,45,E,0,1
15,46,E,0,0
15,47,E,1,1
15,48,E,1,1
15,49,E,1,0
15,50,E,1,1
15,51,E,1,0
15,52,E,0,0
15,53,E,0,0
15,54,E,1,1
15,55,E,1,0
15,56,E,1,1
15,57,E,0,1
17,1,A,1,1
17,2,A,1,1
17,3,A,1,1
17,4,A,1,1
17,5,A,1,1
17,6,A,1,1
17,7,A,1,0
17,8,A,0,0
17,9,A,1,0
17,10,A,1,1
17,11,A,1,1
17,12,A,1,1
17,13,C,1,1
17,14,C,1,1
17,15,C,1,1
17,16,C,1,1
17,17,C,1,1
17,18,C,1,1
17,19,C,1,1
17,20,C,1,1
17,21,C,0,0
17,22,C,1,1
17,23,C,0,0
17,24,C,1,1
17,25,C,1,1
17,26,C,0,0
17,27,C,1,1
17,28,C,0,0
17,29,C,1,1
17,30,D,1,1
17,31,D,0,0
17,32,D,1,1
17,33,D,0,0
17,34,D,0,0
17,35,D,0,0
17,36,D,0,0
17,37,D,0,0
17,38,D,1,1
17,39,D,0,0
17,40,D,0,0
17,41,D,1,1
17,42,D,0,0
17,43,E,0,0
17,44,E,0,0
17,45,E,0,0
17,46,E,0,0
17,47,E,1,1
17,48,E,1,1
17,49,E,0,0
17,50,E,0,0
17,51,E,1,1
17,52,E,0,0
17,53,E,0,0
17,54,E,1,1
17,55,E,1,1
17,56,E,1,1
17,57,E,1,1
28,1,A,1,1
28,2,A,1,1
28,3,A,1,1
28,4,A,1,0
28,5,A,1,1
28,6,A,0,0
28,7,A,0,0
28,8,A,0,0
28,9,A,1,1
28,10,A,0,0
28,11,A,1,1
28,12,A,1,1
28,13,C,1,1
28,14,C,1,1
28,15,C,1,1
28,16,C,1,1
28,17,C,0,0
28,18,C,0,0
28,19,C,1,1
28,20,C,0,0
28,21,C,0,0
28,22,C,0,0
28,23,C,0,0
28,24,C,0,0
28,25,C,0,0
28,26,C,1,1
28,27,C,1,1
28,28,C,0,0
28,29,C,1,1
28,30,D,0,0
28,31,D,0,0
28,32,D,0,0
28,33,D,0,0
28,34,D,0,0
28,35,D,0,0
28,36,D,0,0
28,37,D,0,0
28,38,D,0,0
28,39,D,0,0
28,40,D,0,0
28,41,D,0,0
28,42,D,0,0
28,43,E,0,0
28,44,E,0,0
28,45,E,0,0
28,46,E,0,0
28,47,E,1,1
28,48,E,1,1
28,49,E,0,0
28,50,E,0,0
28,51,E,0,0
28,52,E,0,0
28,53,E,0,0
28,54,E,0,0
28,55,E,0,0
28,56,E,0,0
28,57,E,0,0
46,1,A,1,1
46,2,A,1,1
46,3,A,1,1
46,4,A,1,1
46,5,A,1,1
46,6,A,1,1
46,7,A,0,0
46,8,A,0,0
46,9,A,1,1
46,10,A,1,1
46,11,A,1,1
46,12,A,1,1
46,13,C,1,1
46,14,C,1,1
46,15,C,0,0
46,16,C,1,1
46,17,C,0,0
46,18,C,0,0
46,19,C,0,0
46,20,C,0,0
46,21,C,1,0
46,22,C,0,0
46,23,C,0,0
46,24,C,1,1
46,25,C,0,0
46,26,C,1,1
46,27,C,1,1
46,28,C,0,0
46,29,C,1,1
46,30,D,0,0
46,31,D,0,0
46,32,D,0,0
46,33,D,1,0
46,34,D,0,0
46,35,D,1,0
46,36,D,1,0
46,37,D,0,0
46,38,D,1,0
46,39,D,0,0
46,40,D,0,0
46,41,D,1,0
46,42,D,0,0
46,43,E,0,0
46,44,E,0,0
46,45,E,0,0
46,46,E,0,0
46,47,E,1,1
46,48,E,1,1
46,49,E,0,0
46,50,E,0,0
46,51,E,1,1
46,52,E,1,0
46,53,E,0,0
46,54,E,0,0
46,55,E,0,1
46,56,E,0,0
46,57,E,0,0
51,1,A,1,1
51,2,A,1,1
51,3,A,1,1
51,4,A,1,1
51,5,A,1,1
51,6,A,1,1
51,7,A,0,0
51,8,A,0,0
51,9,A,1,1
51,10,A,1,1
51,11,A,0,0
51,12,A,0,0
51,13,C,1,1
51,14,C,1,1
51,15,C,1,1
51,16,C,0,0
51,17,C,0,0
51,18,C,0,0
51,19,C,0,0
51,20,C,0,0
51,21,C,1,1
51,22,C,0,0
51,23,C,0,0
51,24,C,1,1
51,25,C,0,0
51,26,C,1,1
51,27,C,1,1
51,28,C,1,1
51,29,C,0,0
51,30,D,0,0
51,31,D,0,0
51,32,D,0,0
51,33,D,0,0
51,34,D,0,0
51,35,D,0,0
51,36,D,0,0
51,37,D,0,0
51,38,D,1,1
51,39,D,0,0
51,40,D,0,0
51,41,D,1,1
51,42,D,0,0
51,43,E,1,1
51,44,E,1,1
51,45,E,1,1
51,46,E,0,0
51,47,E,1,1
51,48,E,1,1
51,49,E,0,0
51,50,E,0,0
51,51,E,1,1
51,52,E,1,1
51,53,E,0,0
51,54,E,1,1
51,55,E,1,1
51,56,E,0,0
51,57,E,0,0
52,1,A,1,1
52,2,A,1,1
52,3,A,1,1
52,4,A,1,1
52,5,A,1,1
52,6,A,0,0
52,7,A,0,0
52,8,A,0,0
52,9,A,0,0
52,10,A,0,0
52,11,A,0,0
52,12,A,0,0
52,13,C,1,1
52,14,C,1,1
52,15,C,1,1
52,16,C,1,1
52,17,C,0,0
52,18,C,1,1
52,19,C,1,1
52,20,C,0,0
52,21,C,0,0
52,22,C,0,0
52,23,C,1,1
52,24,C,1,1
52,25,C,0,0
52,26,C,1,1
52,27,C,1,1
52,28,C,0,0
52,29,C,0,0
52,30,D,0,0
52,31,D,0,0
52,32,D,0,0
52,33,D,0,0
52,34,D,0,0
52,35,D,0,0
52,36,D,0,0
52,37,D,0,0
52,38,D,0,0
52,39,D,0,0
52,40,D,0,0
52,41,D,1,0
52,42,D,0,0
52,43,E,1,1
52,44,E,1,1
52,45,E,1,1
52,46,E,1,1
52,47,E,1,1
52,48,E,1,1
52,49,E,1,1
52,50,E,0,0
52,51,E,1,1
52,52,E,1,1
52,53,E,0,0
52,54,E,1,1
52,55,E,1,1
52,56,E,0,0
52,57,E,1,1
65,1,A,1,1
65,2,A,1,1
65,3,A,1,1
65,4,A,1,1
65,5,A,1,1
65,6,A,1,1
65,7,A,1,1
65,8,A,1,1
65,9,A,1,1
65,10,A,1,1
65,11,A,1,1
65,12,A,1,1
65,13,C,1,1
65,14,C,1,1
65,15,C,1,1
65,16,C,1,1
65,17,C,1,1
65,18,C,1,1
65,19,C,1,1
65,20,C,1,1
65,21,C,1,1
65,22,C,1,1
65,23,C,1,0
65,24,C,1,1
65,25,C,0,0
65,26,C,1,1
65,27,C,1,1
65,28,C,0,0
65,29,C,0,0
65,30,D,0,0
65,31,D,1,1
65,32,D,1,1
65,33,D,0,0
65,34,D,0,0
65,35,D,0,0
65,36,D,0,0
65,37,D,0,0
65,38,D,1,1
65,39,D,1,0
65,40,D,0,0
65,41,D,1,1
65,42,D,0,0
65,43,E,0,0
65,44,E,1,1
65,45,E,1,1
65,46,E,1,0
65,47,E,1,1
65,48,E,1,1
65,49,E,0,0
65,50,E,0,0
65,51,E,1,1
65,52,E,1,1
65,53,E,0,0
65,54,E,1,1
65,55,E,1,1
65,56,E,0,0
65,57,E,1,1
75,1,A,1,1
75,2,A,1,1
75,3,A,1,1
75,4,A,1,1
75,5,A,1,1
75,6,A,0,0
75,7,A,0,0
75,8,A,0,0
75,9,A,1,1
75,10,A,0,0
75,11,A,1,0
75,12,A,1,1
75,13,C,1,1
75,14,C,1,1
75,15,C,1,1
75,16,C,0,0
75,17,C,0,0
75,18,C,0,0
75,19,C,0,0
75,20,C,0,0
75,21,C,0,0
75,22,C,1,1
75,23,C,0,0
75,24,C,1,1
75,25,C,0,0
75,26,C,1,1
75,27,C,1,1
75,28,C,0,0
75,29,C,0,0
75,30,D,0,0
75,31,D,0,0
75,32,D,0,0
75,33,D,0,0
75,34,D,0,0
75,35,D,0,0
75,36,D,0,0
75,37,D,0,0
75,38,D,0,0
75,39,D,0,0
75,40,D,0,0
75,41,D,0,0
75,42,D,0,0
75,43,E,0,0
75,44,E,0,0
75,45,E,0,0
75,46,E,0,0
75,47,E,1,1
75,48,E,1,1
75,49,E,1,1
75,50,E,0,0
75,51,E,0,0
75,52,E,0,0
75,53,E,0,0
75,54,E,0,0
75,55,E,0,0
75,56,E,0,0
75,57,E,0,0
77,1,A,1,1
77,2,A,1,1
77,3,A,1,1
77,4,A,1,0
77,5,A,1,1
77,6,A,1,0
77,7,A,0,0
77,8,A,1,0
77,9,A,1,1
77,10,A,0,0
77,11,A,1,0
77,12,A,0,0
77,13,C,1,1
77,14,C,1,1
77,15,C,1,0
77,16,C,1,1
77,17,C,1,1
77,18,C,1,1
77,19,C,1,1
77,20,C,0,0
77,21,C,1,1
77,22,C,1,1
77,23,C,1,0
77,24,C,1,1
77,25,C,0,0
77,26,C,1,1
77,27,C,1,1
77,28,C,1,0
77,29,C,1,1
77,30,D,0,0
77,31,D,0,0
77,32,D,0,0
77,33,D,0,0
77,34,D,0,0
77,35,D,0,0
77,36,D,1,0
77,37,D,1,0
77,38,D,1,0
77,39,D,1,0
77,40,D,1,0
77,41,D,1,1
77,42,D,0,0
77,43,E,1,1
77,44,E,1,0
77,45,E,0,1
77,46,E,0,0
77,47,E,1,1
77,48,E,1,1
77,49,E,0,0
77,50,E,0,0
77,51,E,1,1
77,52,E,1,1
77,53,E,0,0
77,54,E,1,1
77,55,E,1,1
77,56,E,1,1
77,57,E,1,0
82,1,A,1,1
82,2,A,1,1
82,3,A,1,1
82,4,A,1,1
82,5,A,1,1
82,6,A,0,0
82,7,A,0,0
82,8,A,0,0
82,9,A,1,1
82,10,A,1,0
82,11,A,1,1
82,12,A,1,1
82,13,C,1,1
82,14,C,1,1
82,15,C,1,1
82,16,C,0,0
82,17,C,1,0
82,18,C,1,0
82,19,C,0,0
82,20,C,0,0
82,21,C,1,0
82,22,C,0,0
82,23,C,0,0
82,24,C,1,1
82,25,C,0,0
82,26,C,1,1
82,27,C,1,1
82,28,C,1,1
82,29,C,1,1
82,30,D,0,0
82,31,D,0,0
82,32,D,0,0
82,33,D,0,0
82,34,D,0,0
82,35,D,0,0
82,36,D,0,0
82,37,D,0,0
82,38,D,1,0
82,39,D,0,0
82,40,D,0,0
82,41,D,0,0
82,42,D,0,0
82,43,E,0,0
82,44,E,0,0
82,45,E,0,1
82,46,E,0,0
82,47,E,0,1
82,48,E,1,1
82,49,E,0,0
82,50,E,0,0
82,51,E,1,1
82,52,E,0,0
82,53,E,0,0
82,54,E,0,0
82,55,E,1,0
82,56,E,0,0
82,57,E,0,1
83,1,A,1,1
83,2,A,1,1
83,3,A,1,1
83,4,A,1,1
83,5,A,1,1
83,6,A,1,1
83,7,A,0,0
83,8,A,0,0
83,9,A,0,1
83,10,A,0,0
83,11,A,0,0
83,12,A,0,0
83,13,C,0,0
83,14,C,1,1
83,15,C,0,0
83,16,C,0,0
83,17,C,0,0
83,18,C,0,0
83,19,C,0,0
83,20,C,0,0
83,21,C,1,1
83,22,C,0,0
83,23,C,0,0
83,24,C,1,1
83,25,C,0,0
83,26,C,1,1
83,27,C,1,1
83,28,C,1,0
83,29,C,1,1
83,30,D,0,0
83,31,D,0,0
83,32,D,0,0
83,33,D,0,0
83,34,D,0,0
83,35,D,0,0
83,36,D,0,0
83,37,D,0,0
83,38,D,0,1
83,39,D,0,0
83,40,D,0,0
83,41,D,0,0
83,42,D,0,0
83,43,E,1,1
83,44,E,0,0
83,45,E,0,0
83,46,E,0,0
83,47,E,1,1
83,48,E,1,1
83,49,E,1,1
83,50,E,0,0
83,51,E,1,1
83,52,E,0,0
83,53,E,0,0
83,54,E,0,0
83,55,E,0,0
83,56,E,0,0
83,57,E,0,0
91,1,A,1,1
91,2,A,1,1
91,3,A,1,1
91,4,A,0,0
91,5,A,1,1
91,6,A,1,0
91,7,A,0,0
91,8,A,0,0
91,9,A,1,0
91,10,A,0,0
91,11,A,1,1
91,12,A,0,0
91,13,C,1,1
91,14,C,1,1
91,15,C,1,1
91,16,C,0,0
91,17,C,1,1
91,18,C,0,0
91,19,C,0,0
91,20,C,0,0
91,21,C,0,0
91,22,C,0,0
91,23,C,0,1
91,24,C,1,1
91,25,C,0,0
91,26,C,1,1
91,27,C,1,1
91,28,C,0,0
91,29,C,0,0
91,30,D,0,0
91,31,D,0,0
91,32,D,0,0
91,33,D,0,0
91,34,D,0,0
91,35,D,0,0
91,36,D,0,0
91,37,D,0,0
91,38,D,1,1
91,39,D,0,0
91,40,D,0,0
91,41,D,0,1
91,42,D,0,0
91,43,E,0,0
91,44,E,0,0
91,45,E,0,0
91,46,E,0,0
91,47,E,0,0
91,48,E,1,1
91,49,E,0,0
91,50,E,0,0
91,51,E,1,1
91,52,E,0,0
91,53,E,0,0
91,54,E,0,0
91,55,E,0,0
91,56,E,0,0
91,57,E,0,0
92,1,A,1,1
92,2,A,1,1
92,3,A,1,1
92,4,A,1,1
92,5,A,1,1
92,6,A,1,1
92,7,A,1,1
92,8,A,0,0
92,9,A,1,1
92,10,A,1,1
92,11,A,1,0
92,12,A,1,1
92,13,C,1,1
92,14,C,1,1
92,15,C,1,1
92,16,C,1,1
92,17,C,1,1
92,18,C,1,1
92,19,C,1,1
92,20,C,0,0
92,21,C,1,1
92,22,C,0,0
92,23,C,0,0
92,24,C,1,1
92,25,C,1,1
92,26,C,1,1
92,27,C,1,1
92,28,C,0,0
92,29,C,1,1
92,30,D,1,1
92,31,D,1,1
92,32,D,1,1
92,33,D,1,1
92,34,D,1,1
92,35,D,0,0
92,36,D,1,1
92,37,D,1,1
92,38,D,1,1
92,39,D,1,0
92,40,D,0,0
92,41,D,0,1
92,42,D,0,0
92,43,E,1,1
92,44,E,1,1
92,45,E,1,1
92,46,E,0,0
92,47,E,1,1
92,48,E,1,1
92,49,E,0,0
92,50,E,0,0
92,51,E,1,1
92,52,E,0,0
92,53,E,0,0
92,54,E,1,1
92,55,E,1,1
92,56,E,0,0
92,57,E,1,1
99,1,A,1,1
99,2,A,1,1
99,3,A,1,1
99,4,A,1,1
99,5,A,1,1
99,6,A,1,1
99,7,A,1,0
99,8,A,0,0
99,9,A,1,1
99,10,A,1,1
99,11,A,1,1
99,12,A,1,1
99,13,C,1,1
99,14,C,1,1
99,15,C,1,1
99,16,C,1,1
99,17,C,0,0
99,18,C,1,1
99,19,C,0,0
99,20,C,0,0
99,21,C,0,0
99,22,C,1,1
99,23,C,0,0
99,24,C,1,1
99,25,C,0,0
99,26,C,1,1
99,27,C,1,1
99,28,C,1,1
99,29,C,1,1
99,30,D,0,0
99,31,D,1,1
99,32,D,0,1
99,33,D,1,0
99,34,D,1,1
99,35,D,0,0
99,36,D,1,1
99,37,D,0,0
99,38,D,1,1
99,39,D,0,0
99,40,D,1,0
99,41,D,1,1
99,42,D,0,0
99,43,E,1,1
99,44,E,1,0
99,45,E,0,1
99,46,E,0,0
99,47,E,1,1
99,48,E,1,1
99,49,E,1,1
99,50,E,0,0
99,51,E,1,1
99,52,E,0,0
99,53,E,0,0
99,54,E,0,0
99,55,E,1,1
99,56,E,0,0
99,57,E,0,0
109,1,A,1,1
109,2,A,1,1
109,3,A,1,1
109,4,A,1,1
109,5,A,1,1
109,6,A,1,1
109,7,A,0,0
109,8,A,0,0
109,9,A,1,1
109,10,A,1,1
109,11,A,1,1
109,12,A,0,0
109,13,C,1,1
109,14,C,1,1
109,15,C,0,0
109,16,C,1,1
109,17,C,0,1
109,18,C,1,1
109,19,C,0,0
109,20,C,0,0
109,21,C,1,1
109,22,C,0,0
109,23,C,0,0
109,24,C,1,1
109,25,C,0,0
109,26,C,1,1
109,27,C,1,1
109,28,C,0,0
109,29,C,0,0
109,30,D,0,0
109,31,D,0,0
109,32,D,0,0
109,33,D,0,0
109,34,D,0,0
109,35,D,0,0
109,36,D,0,0
109,37,D,0,0
109,38,D,1,1
109,39,D,0,0
109,40,D,0,0
109,41,D,0,0
109,42,D,0,0
109,43,E,1,1
109,44,E,1,0
109,45,E,1,1
109,46,E,1,1
109,47,E,0,0
109,48,E,1,1
109,49,E,0,0
109,50,E,0,0
109,51,E,1,1
109,52,E,0,0
109,53,E,0,0
109,54,E,1,1
109,55,E,1,1
109,56,E,1,1
109,57,E,1,1
120,1,A,1,1
120,2,A,1,1
120,3,A,1,1
120,4,A,1,1
120,5,A,1,1
120,6,A,0,0
120,7,A,0,0
120,8,A,0,0
120,9,A,1,0
120,10,A,0,0
120,11,A,0,0
120,12,A,0,0
120,13,C,1,1
120,14,C,1,1
120,15,C,1,1
120,16,C,0,0
120,17,C,0,0
120,18,C,1,0
120,19,C,0,0
120,20,C,0,0
120,21,C,1,1
120,22,C,0,0
120,23,C,0,0
120,24,C,1,1
120,25,C,0,0
120,26,C,1,0
120,27,C,0,0
120,28,C,0,0
120,29,C,0,0
120,30,D,0,0
120,31,D,0,0
120,32,D,0,0
120,33,D,0,0
120,34,D,0,0
120,35,D,0,0
120,36,D,0,0
120,37,D,0,0
120,38,D,1,1
120,39,D,0,0
120,40,D,0,0
120,41,D,0,0
120,42,D,0,0
120,43,E,0,0
120,44,E,1,0
120,45,E,0,1
120,46,E,0,0
120,47,E,0,0
120,48,E,1,1
120,49,E,0,0
120,50,E,0,0
120,51,E,1,1
120,52,E,0,0
120,53,E,0,0
120,54,E,0,0
120,55,E,1,1
120,56,E,0,0
120,57,E,0,0
135,1,A,1,1
135,2,A,1,1
135,3,A,1,1
135,4,A,1,1
135,5,A,1,1
135,6,A,1,1
135,7,A,1,1
135,8,A,1,1
135,9,A,1,1
135,10,A,1,1
135,11,A,1,1
135,12,A,0,0
135,13,C,1,1
135,14,C,0,0
135,15,C,1,1
135,16,C,0,1
135,17,C,0,0
135,18,C,1,1
135,19,C,1,1
135,20,C,1,1
135,21,C,0,0
135,22,C,1,0
135,23,C,0,0
135,24,C,1,1
135,25,C,1,1
135,26,C,1,1
135,27,C,1,1
135,28,C,1,0
135,29,C,1,1
135,30,D,0,0
135,31,D,0,0
135,32,D,0,0
135,33,D,0,0
135,34,D,0,0
135,35,D,0,0
135,36,D,1,1
135,37,D,0,0
135,38,D,1,1
135,39,D,0,0
135,40,D,0,0
135,41,D,0,0
135,42,D,0,0
135,43,E,0,0
135,44,E,1,0
135,45,E,0,1
135,46,E,0,0
135,47,E,0,0
135,48,E,1,1
135,49,E,1,1
135,50,E,0,0
135,51,E,1,1
135,52,E,1,1
135,53,E,0,0
135,54,E,1,1
135,55,E,1,1
135,56,E,0,0
135,57,E,1,1
136,1,A,1,1
136,2,A,1,1
136,3,A,1,1
136,4,A,1,0
136,5,A,1,0
136,6,A,1,0
136,7,A,1,0
136,8,A,0,1
136,9,A,0,1
136,10,A,0,1
136,11,A,1,0
136,12,A,1,0
136,13,C,0,0
136,14,C,1,1
136,15,C,1,1
136,16,C,1,1
136,17,C,0,0
136,18,C,1,1
136,19,C,1,1
136,20,C,0,0
136,21,C,0,0
136,22,C,1,1
136,23,C,0,0
136,24,C,1,1
136,25,C,0,0
136,26,C,0,0
136,27,C,1,1
136,28,C,0,0
136,29,C,0,0
136,30,D,0,0
136,31,D,0,0
136,32,D,0,0
136,33,D,0,0
136,34,D,0,0
136,35,D,0,0
136,36,D,0,0
136,37,D,0,0
136,38,D,0,0
136,39,D,0,0
136,40,D,0,0
136,41,D,0,0
136,42,D,0,0
136,43,E,0,0
136,44,E,1,0
136,45,E,0,1
136,46,E,0,0
136,47,E,1,1
136,48,E,1,1
136,49,E,0,0
136,50,E,0,0
136,51,E,0,0
136,52,E,1,1
136,53,E,0,0
136,54,E,0,0
136,55,E,1,1
136,56,E,0,0
136,57,E,0,0
142,1,A,1,1
142,2,A,1,1
142,3,A,1,1
142,4,A,1,1
142,5,A,1,1
142,6,A,1,1
142,7,A,0,0
142,8,A,0,0
142,9,A,1,1
142,10,A,0,0
142,11,A,0,0
142,12,A,1,1
142,13,C,1,1
142,14,C,1,1
142,15,C,1,1
142,16,C,1,1
142,17,C,1,1
142,18,C,1,1
142,19,C,1,1
142,20,C,0,0
142,21,C,1,1
142,22,C,0,0
142,23,C,0,0
142,24,C,1,1
142,25,C,0,0
142,26,C,1,1
142,27,C,1,1
142,28,C,0,0
142,29,C,1,1
142,30,D,0,0
142,31,D,0,0
142,32,D,0,0
142,33,D,0,0
142,34,D,0,0
142,35,D,0,0
142,36,D,0,0
142,37,D,0,0
142,38,D,0,0
142,39,D,0,0
142,40,D,0,0
142,41,D,0,0
142,42,D,0,0
142,43,E,1,1
142,44,E,1,0
142,45,E,1,1
142,46,E,0,0
142,47,E,0,0
142,48,E,1,1
142,49,E,1,1
142,50,E,0,0
142,51,E,1,1
142,52,E,0,0
142,53,E,0,0
142,54,E,1,0
142,55,E,1,1
142,56,E,1,1
142,57,E,1,0
143,1,A,1,1
143,2,A,1,1
143,3,A,1,1
143,4,A,1,1
143,5,A,1,1
143,6,A,1,0
143,7,A,1,0
143,8,A,1,1
143,9,A,1,1
143,10,A,1,1
143,11,A,1,1
143,12,A,1,1
143,13,C,1,1
143,14,C,1,1
143,15,C,1,1
143,16,C,0,0
143,17,C,0,0
143,18,C,1,1
143,19,C,0,0
143,20,C,1,1
143,21,C,1,1
143,22,C,0,0
143,23,C,0,0
143,24,C,1,1
143,25,C,1,1
143,26,C,1,1
143,27,C,1,1
143,28,C,0,0
143,29,C,1,1
143,30,D,0,0
143,31,D,1,1
143,32,D,0,0
143,33,D,0,0
143,34,D,0,0
143,35,D,1,1
143,36,D,0,0
143,37,D,1,1
143,38,D,1,1
143,39,D,0,0
143,40,D,0,0
143,41,D,0,0
143,42,D,0,0
143,43,E,1,1
143,44,E,1,0
143,45,E,0,1
143,46,E,0,0
143,47,E,0,0
143,48,E,1,1
143,49,E,1,1
143,50,E,0,0
143,51,E,1,1
143,52,E,0,1
143,53,E,0,0
143,54,E,1,1
143,55,E,1,1
143,56,E,1,1
143,57,E,0,0
145,1,A,1,1
145,2,A,1,1
145,3,A,1,1
145,4,A,1,1
145,5,A,1,1
145,6,A,1,1
145,7,A,0,0
145,8,A,0,0
145,9,A,1,1
145,10,A,0,0
145,11,A,1,1
145,12,A,0,0
145,13,C,1,1
145,14,C,1,1
145,15,C,1,1
145,16,C,1,1
145,17,C,0,0
145,18,C,0,0
145,19,C,0,0
145,20,C,0,0
145,21,C,0,1
145,22,C,1,1
145,23,C,0,0
145,24,C,1,1
145,25,C,0,0
145,26,C,1,1
145,27,C,1,1
145,28,C,0,0
145,29,C,0,0
145,30,D,0,0
145,31,D,0,0
145,32,D,0,0
145,33,D,0,0
145,34,D,1,1
145,35,D,1,1
145,36,D,0,0
145,37,D,1,1
145,38,D,1,1
145,39,D,0,0
145,40,D,0,0
145,41,D,1,1
145,42,D,0,0
145,43,E,1,1
145,44,E,0,0
145,45,E,1,1
145,46,E,0,0
145,47,E,1,1
145,48,E,1,1
145,49,E,0,0
145,50,E,0,0
145,51,E,1,1
145,52,E,1,1
145,53,E,0,0
145,54,E,1,1
145,55,E,1,1
145,56,E,0,0
145,57,E,0,0
150,1,A,1,1
150,2,A,1,1
150,3,A,1,1
150,4,A,1,1
150,5,A,1,1
150,6,A,1,1
150,7,A,0,0
150,8,A,0,0
150,9,A,0,0
150,10,A,1,1
150,11,A,1,1
150,12,A,0,0
150,13,C,1,1
150,14,C,1,1
150,15,C,1,1
150,16,C,1,1
150,17,C,1,1
150,18,C,0,0
150,19,C,1,1
150,20,C,0,0
150,21,C,0,0
150,22,C,1,1
150,23,C,0,0
150,24,C,1,1
150,25,C,0,0
150,26,C,1,1
150,27,C,1,1
150,28,C,1,1
150,29,C,0,0
150,30,D,0,0
150,31,D,0,0
150,32,D,1,1
150,33,D,1,1
150,34,D,1,0
150,35,D,0,0
150,36,D,0,0
150,37,D,0,0
150,38,D,1,1
150,39,D,1,0
150,40,D,1,1
150,41,D,1,1
150,42,D,0,0
150,43,E,1,1
150,44,E,1,0
150,45,E,0,0
150,46,E,0,0
150,47,E,1,1
150,48,E,1,1
150,49,E,0,0
150,50,E,0,0
150,51,E,1,1
150,52,E,1,1
150,53,E,0,0
150,54,E,1,1
150,55,E,1,1
150,56,E,1,1
150,57,E,0,0
153,1,A,1,1
153,2,A,1,1
153,3,A,1,1
153,4,A,1,1
153,5,A,1,1
153,6,A,1,1
153,7,A,0,0
153,8,A,0,0
153,9,A,1,1
153,10,A,1,1
153,11,A,1,1
153,12,A,1,0
153,13,C,1,1
153,14,C,1,1
153,15,C,1,1
153,16,C,0,0
153,17,C,1,1
153,18,C,1,0
153,19,C,1,0
153,20,C,0,0
153,21,C,1,1
153,22,C,0,0
153,23,C,0,0
153,24,C,1,1
153,25,C,0,0
153,26,C,1,1
153,27,C,1,1
153,28,C,0,0
153,29,C,0,0
153,30,D,0,0
153,31,D,1,1
153,32,D,1,0
153,33,D,0,0
153,34,D,0,0
153,35,D,1,0
153,36,D,0,0
153,37,D,0,0
153,38,D,1,1
153,39,D,0,0
153,40,D,1,1
153,41,D,1,0
153,42,D,0,0
153,43,E,0,0
153,44,E,0,0
153,45,E,0,1
153,46,E,0,0
153,47,E,1,1
153,48,E,1,1
153,49,E,0,0
153,50,E,0,0
153,51,E,1,1
153,52,E,0,0
153,53,E,0,0
153,54,E,1,0
153,55,E,0,0
153,56,E,0,0
153,57,E,0,0
155,1,A,1,1
155,2,A,1,1
155,3,A,1,1
155,4,A,1,1
155,5,A,1,1
155,6,A,1,1
155,7,A,0,1
155,8,A,0,0
155,9,A,1,1
155,10,A,1,1
155,11,A,1,1
155,12,A,0,0
155,13,C,1,1
155,14,C,1,0
155,15,C,1,1
155,16,C,0,0
155,17,C,1,1
155,18,C,1,1
155,19,C,1,1
155,20,C,1,1
155,21,C,1,0
155,22,C,0,1
155,23,C,0,0
155,24,C,1,1
155,25,C,1,0
155,26,C,1,1
155,27,C,1,1
155,28,C,0,0
155,29,C,1,0
155,30,D,0,0
155,31,D,0,0
155,32,D,1,0
155,33,D,0,0
155,34,D,0,0
155,35,D,0,0
155,36,D,1,0
155,37,D,0,0
155,38,D,1,0
155,39,D,0,0
155,40,D,1,0
155,41,D,1,0
155,42,D,1,0
155,43,E,1,0
155,44,E,0,0
155,45,E,0,0
155,46,E,0,0
155,47,E,1,0
155,48,E,1,1
155,49,E,0,0
155,50,E,0,0
155,51,E,1,1
155,52,E,1,1
155,53,E,0,0
155,54,E,1,1
155,55,E,1,1
155,56,E,1,0
155,57,E,0,0
159,1,A,1,1
159,2,A,1,1
159,3,A,1,1
159,4,A,1,1
159,5,A,1,1
159,6,A,1,1
159,7,A,0,0
159,8,A,0,0
159,9,A,1,0
159,10,A,0,0
159,11,A,1,0
159,12,A,0,0
159,13,C,1,1
159,14,C,1,1
159,15,C,1,1
159,16,C,1,0
159,17,C,1,1
159,18,C,0,1
159,19,C,1,0
159,20,C,0,0
159,21,C,0,0
159,22,C,1,1
159,23,C,0,0
159,24,C,1,1
159,25,C,0,0
159,26,C,1,1
159,27,C,1,1
159,28,C,0,0
159,29,C,0,0
159,30,D,0,0
159,31,D,0,0
159,32,D,0,0
159,33,D,0,0
159,34,D,0,0
159,35,D,0,0
159,36,D,0,0
159,37,D,0,0
159,38,D,0,0
159,39,D,0,0
159,40,D,0,0
159,41,D,0,0
159,42,D,0,0
159,43,E,0,0
159,44,E,0,0
159,45,E,0,0
159,46,E,0,0
159,47,E,1,1
159,48,E,0,0
159,49,E,0,0
159,50,E,0,0
159,51,E,1,1
159,52,E,1,0
159,53,E,0,0
159,54,E,0,0
159,55,E,1,0
159,56,E,0,0
159,57,E,0,0
162,1,A,1,1
162,2,A,1,1
162,3,A,1,1
162,4,A,1,1
162,5,A,1,1
162,6,A,1,1
162,7,A,0,0
162,8,A,0,0
162,9,A,1,1
162,10,A,1,0
162,11,A,1,0
162,12,A,0,0
162,13,C,1,1
162,14,C,1,1
162,15,C,0,1
162,16,C,1,1
162,17,C,1,0
162,18,C,0,1
162,19,C,0,0
162,20,C,0,0
162,21,C,0,0
162,22,C,0,0
162,23,C,0,0
162,24,C,1,1
162,25,C,0,0
162,26,C,1,1
162,27,C,1,1
162,28,C,0,0
162,29,C,0,0
162,30,D,0,0
162,31,D,0,0
162,32,D,0,0
162,33,D,0,0
162,34,D,0,0
162,35,D,0,0
162,36,D,0,0
162,37,D,0,0
162,38,D,0,0
162,39,D,0,0
162,40,D,0,0
162,41,D,0,0
162,42,D,0,0
162,43,E,1,1
162,44,E,1,0
162,45,E,0,1
162,46,E,0,0
162,47,E,1,1
162,48,E,1,1
162,49,E,0,0
162,50,E,0,0
162,51,E,1,1
162,52,E,1,0
162,53,E,0,0
162,54,E,1,1
162,55,E,0,0
162,56,E,0,0
162,57,E,0,0
163,1,A,1,1
163,2,A,1,1
163,3,A,1,1
163,4,A,1,1
163,5,A,1,1
163,6,A,1,1
163,7,A,0,0
163,8,A,0,0
163,9,A,1,1
163,10,A,1,1
163,11,A,0,0
163,12,A,0,0
163,13,C,1,1
163,14,C,1,0
163,15,C,1,1
163,16,C,1,0
163,17,C,1,1
163,18,C,1,1
163,19,C,1,1
163,20,C,0,0
163,21,C,0,0
163,22,C,0,0
163,23,C,0,0
163,24,C,1,1
163,25,C,1,1
163,26,C,1,1
163,27,C,1,1
163,28,C,1,1
163,29,C,1,1
163,30,D,1,0
163,31,D,0,0
163,32,D,0,0
163,33,D,0,0
163,34,D,0,0
163,35,D,1,0
163,36,D,1,1
163,37,D,0,1
163,38,D,1,1
163,39,D,0,0
163,40,D,0,0
163,41,D,0,0
163,42,D,0,0
163,43,E,0,0
163,44,E,1,1
163,45,E,1,1
163,46,E,0,0
163,47,E,0,0
163,48,E,1,1
163,49,E,0,0
163,50,E,0,0
163,51,E,0,0
163,52,E,0,0
163,53,E,0,0
163,54,E,0,0
163,55,E,0,1
163,56,E,0,0
163,57,E,0,0
170,1,A,1,1
170,2,A,1,1
170,3,A,1,1
170,4,A,1,1
170,5,A,1,1
170,6,A,1,1
170,7,A,0,0
170,8,A,0,0
170,9,A,1,1
170,10,A,1,1
170,11,A,1,0
170,12,A,0,0
170,13,C,1,1
170,14,C,1,1
170,15,C,1,1
170,16,C,1,1
170,17,C,1,1
170,18,C,1,1
170,19,C,0,1
170,20,C,0,0
170,21,C,1,0
170,22,C,0,0
170,23,C,0,0
170,24,C,1,1
170,25,C,0,1
170,26,C,1,1
170,27,C,1,1
170,28,C,0,0
170,29,C,1,1
170,30,D,0,0
170,31,D,0,0
170,32,D,0,0
170,33,D,0,0
170,34,D,0,0
170,35,D,0,0
170,36,D,1,1
170,37,D,0,0
170,38,D,1,0
170,39,D,0,0
170,40,D,0,0
170,41,D,0,1
170,42,D,0,0
170,43,E,0,1
170,44,E,0,0
170,45,E,0,0
170,46,E,0,0
170,47,E,0,1
170,48,E,1,1
170,49,E,0,0
170,50,E,0,0
170,51,E,1,1
170,52,E,0,0
170,53,E,0,0
170,54,E,1,1
170,55,E,0,1
170,56,E,1,1
170,57,E,1,1
171,1,A,1,1
171,2,A,1,1
171,3,A,1,1
171,4,A,1,1
171,5,A,1,1
171,6,A,1,1
171,7,A,0,0
171,8,A,0,0
171,9,A,1,1
171,10,A,1,1
171,11,A,1,0
171,12,A,0,0
171,13,C,1,1
171,14,C,1,1
171,15,C,1,1
171,16,C,1,1
171,17,C,1,1
171,18,C,1,1
171,19,C,0,1
171,20,C,0,0
171,21,C,1,0
171,22,C,0,0
171,23,C,0,0
171,24,C,1,1
171,25,C,0,1
171,26,C,1,1
171,27,C,1,1
171,28,C,0,0
171,29,C,1,1
171,30,D,0,0
171,31,D,0,0
171,32,D,0,0
171,33,D,0,0
171,34,D,0,0
171,35,D,0,0
171,36,D,1,1
171,37,D,0,0
171,38,D,1,0
171,39,D,0,0
171,40,D,0,0
171,41,D,0,1
171,42,D,0,0
171,43,E,0,1
171,44,E,0,0
171,45,E,0,0
171,46,E,0,0
171,47,E,0,1
171,48,E,1,1
171,49,E,0,0
171,50,E,0,0
171,51,E,1,1
171,52,E,0,0
171,53,E,0,0
171,54,E,1,1
171,55,E,0,1
171,56,E,1,1
171,57,E,1,1
173,1,A,1,1
173,2,A,1,1
173,3,A,1,0
173,4,A,1,1
173,5,A,1,1
173,6,A,1,1
173,7,A,0,0
173,8,A,0,0
173,9,A,1,1
173,10,A,0,0
173,11,A,0,0
173,12,A,0,0
173,13,C,1,1
173,14,C,1,1
173,15,C,1,1
173,16,C,1,1
173,17,C,1,1
173,18,C,0,0
173,19,C,0,0
173,20,C,1,1
173,21,C,0,0
173,22,C,0,0
173,23,C,0,0
173,24,C,1,1
173,25,C,0,0
173,26,C,1,1
173,27,C,1,1
173,28,C,0,0
173,29,C,0,0
173,30,D,0,0
173,31,D,0,0
173,32,D,0,0
173,33,D,0,0
173,34,D,0,0
173,35,D,0,0
173,36,D,0,0
173,37,D,0,0
173,38,D,0,0
173,39,D,0,0
173,40,D,0,0
173,41,D,0,0
173,42,D,0,0
173,43,E,0,0
173,44,E,0,0
173,45,E,0,0
173,46,E,0,0
173,47,E,0,0
173,48,E,1,1
173,49,E,0,0
173,50,E,0,0
173,51,E,1,1
173,52,E,0,0
173,53,E,0,0
173,54,E,0,0
173,55,E,0,1
173,56,E,1,0
173,57,E,0,0
174,1,A,1,1
174,2,A,1,1
174,3,A,1,1
174,4,A,1,1
174,5,A,1,1
174,6,A,1,1
174,7,A,0,0
174,8,A,0,0
174,9,A,1,1
174,10,A,1,1
174,11,A,1,1
174,12,A,1,1
174,13,C,1,1
174,14,C,1,1
174,15,C,1,1
174,16,C,1,1
174,17,C,1,1
174,18,C,1,1
174,19,C,1,1
174,20,C,1,1
174,21,C,1,0
174,22,C,0,0
174,23,C,0,0
174,24,C,1,1
174,25,C,1,1
174,26,C,1,1
174,27,C,0,0
174,28,C,0,0
174,29,C,1,1
174,30,D,0,0
174,31,D,0,0
174,32,D,0,0
174,33,D,0,0
174,34,D,1,1
174,35,D,0,0
174,36,D,0,0
174,37,D,1,1
174,38,D,1,1
174,39,D,1,1
174,40,D,1,1
174,41,D,1,1
174,42,D,0,0
174,43,E,0,0
174,44,E,1,0
174,45,E,0,1
174,46,E,0,0
174,47,E,1,1
174,48,E,1,1
174,49,E,0,0
174,50,E,0,0
174,51,E,1,1
174,52,E,0,1
174,53,E,0,0
174,54,E,1,0
174,55,E,1,1
174,56,E,0,0
174,57,E,1,1
178,1,A,1,1
178,2,A,1,1
178,3,A,1,1
178,4,A,1,1
178,5,A,1,1
178,6,A,0,0
178,7,A,0,0
178,8,A,0,0
178,9,A,1,1
178,10,A,0,0
178,11,A,1,1
178,12,A,0,0
178,13,C,1,1
178,14,C,1,1
178,15,C,1,1
178,16,C,0,0
178,17,C,1,0
178,18,C,1,1
178,19,C,1,1
178,20,C,0,0
178,21,C,0,0
178,22,C,1,1
178,23,C,0,0
178,24,C,1,1
178,25,C,1,1
178,26,C,1,1
178,27,C,1,1
178,28,C,0,0
178,29,C,0,0
178,30,D,0,0
178,31,D,0,0
178,32,D,0,0
178,33,D,0,0
178,34,D,0,0
178,35,D,0,0
178,36,D,0,0
178,37,D,0,0
178,38,D,1,0
178,39,D,0,0
178,40,D,0,0
178,41,D,0,0
178,42,D,0,0
178,43,E,0,0
178,44,E,0,0
178,45,E,1,1
178,46,E,0,0
178,47,E,0,0
178,48,E,1,1
178,49,E,0,0
178,50,E,0,0
178,51,E,1,1
178,52,E,0,0
178,53,E,0,0
178,54,E,0,0
178,55,E,1,1
178,56,E,0,0
178,57,E,1,1
180,1,A,1,1
180,2,A,1,1
180,3,A,1,1
180,4,A,1,1
180,5,A,1,1
180,6,A,1,1
180,7,A,1,1
180,8,A,0,0
180,9,A,0,0
180,10,A,1,1
180,11,A,1,1
180,12,A,0,0
180,13,C,1,1
180,14,C,1,1
180,15,C,1,1
180,16,C,1,1
180,17,C,1,1
180,18,C,1,0
180,19,C,0,1
180,20,C,1,0
180,21,C,0,0
180,22,C,0,0
180,23,C,1,0
180,24,C,1,1
180,25,C,1,1
180,26,C,1,1
180,27,C,1,1
180,28,C,0,0
180,29,C,1,1
180,30,D,0,0
180,31,D,0,0
180,32,D,0,0
180,33,D,0,0
180,34,D,0,0
180,35,D,0,0
180,36,D,1,1
180,37,D,0,0
180,38,D,0,0
180,39,D,0,0
180,40,D,0,0
180,41,D,0,0
180,42,D,0,0
180,43,E,1,1
180,44,E,1,1
180,45,E,0,0
180,46,E,0,0
180,47,E,0,0
180,48,E,1,1
180,49,E,1,1
180,50,E,0,0
180,51,E,1,1
180,52,E,0,0
180,53,E,0,0
180,54,E,1,0
180,55,E,1,1
180,56,E,0,0
180,57,E,1,1
182,1,A,1,1
182,2,A,1,1
182,3,A,1,1
182,4,A,1,1
182,5,A,1,1
182,6,A,0,0
182,7,A,1,1
182,8,A,0,0
182,9,A,1,1
182,10,A,1,0
182,11,A,1,0
182,12,A,0,0
182,13,C,1,1
182,14,C,1,1
182,15,C,0,0
182,16,C,1,1
182,17,C,0,0
182,18,C,1,1
182,19,C,0,0
182,20,C,0,0
182,21,C,0,0
182,22,C,0,0
182,23,C,0,0
182,24,C,0,1
182,25,C,0,0
182,26,C,1,1
182,27,C,1,1
182,28,C,0,0
182,29,C,0,0
182,30,D,0,0
182,31,D,0,0
182,32,D,0,0
182,33,D,0,0
182,34,D,0,0
182,35,D,0,0
182,36,D,0,0
182,37,D,0,0
182,38,D,1,0
182,39,D,0,0
182,40,D,0,0
182,41,D,0,0
182,42,D,0,0
182,43,E,0,0
182,44,E,0,1
182,45,E,0,1
182,46,E,0,0
182,47,E,0,1
182,48,E,1,1
182,49,E,1,1
182,50,E,0,0
182,51,E,0,1
182,52,E,0,0
182,53,E,0,0
182,54,E,0,0
182,55,E,1,1
182,56,E,0,0
182,57,E,0,1
